onset	duration	character	arousal	valence_positive	valence_negative	c_audio	c_context	c_face	c_gesture	c_narrator	c_verbal	d_other	d_self	e_admiration	e_anger/rage	e_contempt	e_disappointment	e_fear	e_fears_confirmed	e_gloating	e_gratification	e_gratitude	e_happiness	e_happy-for	e_hate	e_hope	e_love	e_pity/compassion	e_pride	e_relief	e_remorse	e_resent	e_sadness	e_satisfaction	e_shame
192.0	12.0	FORREST	-0.666666666667	0.666666666667	0.0	0.111111111111	0.0	0.444444444444	0.111111111111	0.0	0.444444444444	0.33333333333299997	0.33333333333299997	0.0	0.0	0.0	0.0	0.0	0.0	0.0	0.0	0.0	0.222222222222	0.0	0.0	0.0	0.0	0.0	0.0	0.0	0.0	0.0	0.0	0.0	0.0
204.0	2.0	FORREST	-0.777777777778	0.777777777778	0.0	0.111111111111	0.0	0.444444444444	0.111111111111	0.0	0.555555555556	0.444444444444	0.33333333333299997	0.0	0.0	0.0	0.0	0.0	0.0	0.0	0.0	0.0	0.33333333333299997	0.0	0.0	0.0	0.0	0.0	0.0	0.0	0.0	0.0	0.0	0.0	0.0
206.0	3.0	FORREST	-0.666666666667	0.888888888889	0.0	0.222222222222	0.0	0.444444444444	0.111111111111	0.0	0.666666666667	0.33333333333299997	0.555555555556	0.0	0.0	0.0	0.0	0.0	0.0	0.0	0.0	0.0	0.555555555556	0.0	0.0	0.0	0.0	0.0	0.0	0.0	0.0	0.0	0.0	0.0	0.0
209.0	16.0	FORREST	-0.33333333333299997	0.555555555556	0.0	0.111111111111	0.0	0.33333333333299997	0.111111111111	0.0	0.444444444444	0.222222222222	0.33333333333299997	0.0	0.0	0.0	0.0	0.0	0.0	0.0	0.0	0.0	0.222222222222	0.0	0.0	0.0	0.0	0.0	0.0	0.0	0.0	0.0	0.0	0.0	0.0
225.0	15.0	FORREST	-0.555555555556	0.555555555556	0.0	0.111111111111	0.0	0.222222222222	0.222222222222	0.0	0.444444444444	0.33333333333299997	0.222222222222	0.111111111111	0.0	0.0	0.0	0.0	0.0	0.0	0.0	0.0	0.111111111111	0.0	0.0	0.0	0.0	0.0	0.0	0.0	0.0	0.0	0.0	0.0	0.0
238.0	1.0	WOMAN	-0.555555555556	0.0	0.555555555556	0.0	0.0	0.222222222222	0.222222222222	0.0	0.33333333333299997	0.555555555556	0.0	0.0	0.0	0.0	0.0	0.0	0.0	0.0	0.0	0.0	0.0	0.0	0.0	0.0	0.0	0.0	0.0	0.0	0.0	0.0	0.0	0.0	0.0
239.0	1.0	WOMAN	-0.555555555556	0.0	0.555555555556	0.0	0.0	0.222222222222	0.222222222222	0.0	0.33333333333299997	0.444444444444	0.111111111111	0.0	0.0	0.0	0.0	0.0	0.0	0.0	0.0	0.0	0.0	0.0	0.0	0.0	0.0	0.0	0.0	0.0	0.0	0.0	0.0	0.0	0.0
240.0	1.0	WOMAN	-0.666666666667	0.0	0.666666666667	0.0	0.0	0.222222222222	0.222222222222	0.0	0.444444444444	0.555555555556	0.111111111111	0.0	0.0	0.111111111111	0.0	0.0	0.0	0.0	0.0	0.0	0.0	0.0	0.0	0.0	0.0	0.0	0.0	0.0	0.0	0.0	0.0	0.0	0.0
241.0	1.0	WOMAN	-0.555555555556	0.0	0.555555555556	0.0	0.0	0.222222222222	0.222222222222	0.0	0.33333333333299997	0.444444444444	0.111111111111	0.0	0.0	0.111111111111	0.0	0.0	0.0	0.0	0.0	0.0	0.0	0.0	0.0	0.0	0.0	0.0	0.0	0.0	0.0	0.0	0.0	0.0	0.0
245.0	15.0	FORREST	-0.555555555556	0.555555555556	0.0	0.111111111111	0.0	0.33333333333299997	0.33333333333299997	0.0	0.555555555556	0.33333333333299997	0.222222222222	0.0	0.0	0.0	0.0	0.0	0.0	0.0	0.111111111111	0.0	0.111111111111	0.0	0.0	0.0	0.0	0.0	0.0	0.0	0.0	0.0	0.0	0.0	0.0
253.0	7.0	WOMAN	-0.555555555556	0.444444444444	0.111111111111	0.0	0.0	0.444444444444	0.111111111111	0.0	0.111111111111	0.444444444444	0.111111111111	0.0	0.0	0.0	0.0	0.0	0.0	0.0	0.0	0.0	0.0	0.0	0.0	0.0	0.0	0.0	0.0	0.0	0.0	0.0	0.0	0.0	0.0
275.0	3.0	FORREST	0.111111111111	0.111111111111	0.444444444444	0.0	0.111111111111	0.555555555556	0.0	0.0	0.0	0.111111111111	0.444444444444	0.111111111111	0.0	0.0	0.0	0.33333333333299997	0.0	0.0	0.0	0.0	0.0	0.0	0.0	0.0	0.0	0.0	0.0	0.0	0.0	0.0	0.0	0.0	0.0
278.0	7.0	FORREST	0.111111111111	0.222222222222	0.555555555556	0.0	0.222222222222	0.777777777778	0.0	0.0	0.0	0.111111111111	0.666666666667	0.0	0.0	0.0	0.111111111111	0.0	0.0	0.0	0.0	0.0	0.0	0.0	0.0	0.0	0.0	0.0	0.0	0.0	0.0	0.0	0.0	0.0	0.0
285.0	3.0	FORREST	0.111111111111	0.33333333333299997	0.444444444444	0.0	0.111111111111	0.777777777778	0.0	0.0	0.0	0.0	0.777777777778	0.0	0.0	0.0	0.0	0.0	0.0	0.0	0.0	0.0	0.0	0.0	0.0	0.0	0.0	0.0	0.0	0.0	0.0	0.0	0.0	0.0	0.0
308.0	3.0	MRSGUMP	-0.111111111111	0.33333333333299997	0.222222222222	0.0	0.0	0.555555555556	0.111111111111	0.0	0.0	0.555555555556	0.0	0.0	0.0	0.0	0.0	0.0	0.0	0.0	0.0	0.111111111111	0.0	0.0	0.0	0.0	0.111111111111	0.0	0.0	0.0	0.0	0.0	0.0	0.0	0.0
311.0	1.0	MRSGUMP	0.888888888889	0.0	0.888888888889	0.111111111111	0.0	0.777777777778	0.33333333333299997	0.0	0.444444444444	0.888888888889	0.0	0.0	0.0	0.0	0.0	0.666666666667	0.0	0.0	0.0	0.0	0.0	0.0	0.0	0.0	0.0	0.0	0.0	0.0	0.0	0.0	0.0	0.0	0.0
318.0	25.0	FORRESTVO	-0.666666666667	0.666666666667	0.0	0.0	0.222222222222	0.0	0.0	0.0	0.666666666667	0.0	0.666666666667	0.0	0.0	0.0	0.0	0.0	0.0	0.0	0.0	0.0	0.111111111111	0.0	0.0	0.0	0.0	0.0	0.111111111111	0.0	0.0	0.0	0.0	0.0	0.0
357.0	7.0	MRSGUMP	-0.111111111111	0.0	0.777777777778	0.111111111111	0.111111111111	0.555555555556	0.444444444444	0.0	0.111111111111	0.222222222222	0.555555555556	0.0	0.0	0.0	0.0	0.0	0.0	0.0	0.0	0.0	0.0	0.0	0.0	0.0	0.0	0.0	0.0	0.0	0.0	0.0	0.0	0.0	0.0
364.0	1.0	MRSGUMP	-0.33333333333299997	0.222222222222	0.555555555556	0.222222222222	0.111111111111	0.555555555556	0.33333333333299997	0.0	0.111111111111	0.444444444444	0.33333333333299997	0.0	0.0	0.0	0.0	0.0	0.0	0.0	0.0	0.0	0.0	0.0	0.0	0.0	0.0	0.0	0.0	0.222222222222	0.0	0.0	0.0	0.0	0.0
365.0	1.0	MRSGUMP	0.111111111111	0.222222222222	0.33333333333299997	0.111111111111	0.222222222222	0.33333333333299997	0.0	0.0	0.33333333333299997	0.555555555556	0.111111111111	0.0	0.0	0.0	0.0	0.0	0.0	0.0	0.0	0.0	0.0	0.0	0.0	0.0	0.0	0.0	0.0	0.222222222222	0.0	0.0	0.0	0.0	0.111111111111
366.0	6.0	MRSGUMP	0.33333333333299997	0.111111111111	1.0	0.111111111111	0.444444444444	0.33333333333299997	0.222222222222	0.0	0.888888888889	0.888888888889	0.33333333333299997	0.0	0.0	0.33333333333299997	0.0	0.0	0.0	0.0	0.0	0.0	0.0	0.0	0.0	0.0	0.111111111111	0.0	0.111111111111	0.0	0.0	0.0	0.0	0.0	0.222222222222
372.0	1.0	MRSGUMP	0.33333333333299997	0.111111111111	0.555555555556	0.0	0.222222222222	0.222222222222	0.111111111111	0.0	0.555555555556	0.444444444444	0.111111111111	0.0	0.0	0.111111111111	0.0	0.0	0.0	0.0	0.0	0.0	0.0	0.0	0.0	0.0	0.111111111111	0.0	0.111111111111	0.0	0.0	0.0	0.0	0.0	0.0
373.0	1.0	MRSGUMP	0.111111111111	0.222222222222	0.666666666667	0.0	0.222222222222	0.444444444444	0.111111111111	0.0	0.555555555556	0.555555555556	0.222222222222	0.0	0.0	0.111111111111	0.0	0.0	0.0	0.0	0.0	0.0	0.0	0.0	0.0	0.0	0.111111111111	0.0	0.111111111111	0.0	0.0	0.0	0.0	0.0	0.111111111111
374.0	8.0	MRSGUMP	-0.222222222222	0.222222222222	0.777777777778	0.0	0.222222222222	0.555555555556	0.111111111111	0.0	0.666666666667	0.666666666667	0.222222222222	0.0	0.0	0.111111111111	0.0	0.0	0.0	0.0	0.0	0.0	0.0	0.0	0.0	0.0	0.111111111111	0.0	0.111111111111	0.0	0.0	0.0	0.111111111111	0.0	0.111111111111
382.0	1.0	MRSGUMP	-0.111111111111	0.0	0.555555555556	0.0	0.111111111111	0.444444444444	0.0	0.0	0.444444444444	0.444444444444	0.111111111111	0.0	0.0	0.0	0.0	0.0	0.0	0.0	0.0	0.0	0.0	0.0	0.0	0.0	0.0	0.0	0.0	0.0	0.0	0.0	0.111111111111	0.0	0.0
418.0	2.0	FORRESTVO	-0.555555555556	0.777777777778	0.0	0.111111111111	0.111111111111	0.0	0.0	0.0	0.777777777778	0.666666666667	0.111111111111	0.222222222222	0.0	0.0	0.0	0.0	0.0	0.0	0.0	0.0	0.0	0.0	0.0	0.0	0.222222222222	0.0	0.222222222222	0.0	0.0	0.0	0.0	0.111111111111	0.0
422.0	4.0	MRSGUMP	-0.666666666667	0.444444444444	0.222222222222	0.111111111111	0.111111111111	0.222222222222	0.111111111111	0.0	0.555555555556	0.666666666667	0.0	0.0	0.0	0.0	0.0	0.111111111111	0.0	0.0	0.0	0.0	0.0	0.0	0.0	0.0	0.33333333333299997	0.0	0.111111111111	0.0	0.0	0.0	0.0	0.0	0.0
426.0	1.0	MRSGUMP	-0.555555555556	0.555555555556	0.222222222222	0.111111111111	0.111111111111	0.33333333333299997	0.222222222222	0.0	0.666666666667	0.777777777778	0.0	0.0	0.0	0.0	0.0	0.111111111111	0.0	0.0	0.0	0.0	0.0	0.0	0.0	0.0	0.444444444444	0.0	0.111111111111	0.0	0.0	0.0	0.0	0.0	0.0
427.0	7.0	MRSGUMP	-0.444444444444	0.666666666667	0.222222222222	0.111111111111	0.111111111111	0.444444444444	0.33333333333299997	0.0	0.777777777778	0.888888888889	0.0	0.0	0.0	0.0	0.0	0.111111111111	0.0	0.0	0.0	0.0	0.0	0.0	0.0	0.0	0.555555555556	0.0	0.111111111111	0.0	0.0	0.0	0.0	0.0	0.0
434.0	13.0	MAN	-1.0	0.0	1.0	0.222222222222	0.111111111111	0.888888888889	0.111111111111	0.0	0.777777777778	0.888888888889	0.111111111111	0.0	0.0	0.111111111111	0.0	0.0	0.0	0.0	0.0	0.0	0.0	0.0	0.0	0.0	0.0	0.0	0.0	0.0	0.0	0.0	0.0	0.0	0.0
441.0	1.0	MRSGUMP	-0.555555555556	0.33333333333299997	0.222222222222	0.111111111111	0.0	0.222222222222	0.0	0.0	0.444444444444	0.33333333333299997	0.222222222222	0.0	0.0	0.0	0.0	0.0	0.0	0.0	0.0	0.0	0.0	0.0	0.0	0.0	0.0	0.0	0.0	0.0	0.0	0.0	0.0	0.0	0.0
442.0	3.0	MRSGUMP	-0.888888888889	0.555555555556	0.33333333333299997	0.111111111111	0.0	0.33333333333299997	0.0	0.0	0.777777777778	0.444444444444	0.444444444444	0.0	0.0	0.111111111111	0.0	0.0	0.0	0.0	0.0	0.0	0.0	0.0	0.0	0.0	0.0	0.0	0.0	0.0	0.0	0.0	0.0	0.111111111111	0.0
445.0	2.0	MRSGUMP	-0.555555555556	0.33333333333299997	0.222222222222	0.111111111111	0.0	0.33333333333299997	0.0	0.0	0.444444444444	0.33333333333299997	0.222222222222	0.0	0.0	0.0	0.0	0.0	0.0	0.0	0.0	0.0	0.0	0.0	0.0	0.0	0.0	0.0	0.0	0.0	0.0	0.0	0.0	0.0	0.0
467.0	4.0	MAN	-0.555555555556	0.33333333333299997	0.444444444444	0.111111111111	0.111111111111	0.555555555556	0.33333333333299997	0.0	0.666666666667	0.666666666667	0.111111111111	0.0	0.0	0.111111111111	0.0	0.0	0.0	0.33333333333299997	0.0	0.0	0.0	0.0	0.0	0.0	0.0	0.0	0.0	0.0	0.0	0.111111111111	0.0	0.0	0.0
471.0	7.0	MAN	-0.777777777778	0.33333333333299997	0.666666666667	0.111111111111	0.111111111111	0.777777777778	0.444444444444	0.0	0.777777777778	0.888888888889	0.111111111111	0.0	0.0	0.222222222222	0.0	0.0	0.0	0.33333333333299997	0.0	0.0	0.0	0.0	0.0	0.0	0.0	0.0	0.0	0.0	0.0	0.111111111111	0.0	0.0	0.0
475.0	2.0	MRSGUMP	0.111111111111	0.0	0.555555555556	0.0	0.111111111111	0.444444444444	0.0	0.0	0.222222222222	0.33333333333299997	0.222222222222	0.0	0.0	0.111111111111	0.111111111111	0.0	0.0	0.0	0.0	0.0	0.0	0.0	0.0	0.0	0.0	0.0	0.0	0.0	0.0	0.0	0.0	0.0	0.0
477.0	1.0	MRSGUMP	0.0	0.0	0.666666666667	0.0	0.111111111111	0.555555555556	0.0	0.0	0.222222222222	0.33333333333299997	0.33333333333299997	0.0	0.0	0.111111111111	0.111111111111	0.0	0.0	0.0	0.0	0.0	0.0	0.0	0.0	0.0	0.0	0.0	0.0	0.0	0.0	0.0	0.111111111111	0.0	0.0
478.0	2.0	MRSGUMP	-0.222222222222	0.111111111111	0.555555555556	0.0	0.111111111111	0.444444444444	0.111111111111	0.0	0.33333333333299997	0.33333333333299997	0.33333333333299997	0.0	0.0	0.0	0.111111111111	0.0	0.0	0.0	0.0	0.0	0.0	0.0	0.0	0.0	0.0	0.0	0.0	0.0	0.0	0.0	0.0	0.0	0.111111111111
480.0	5.0	MRSGUMP	-0.33333333333299997	0.111111111111	0.666666666667	0.0	0.222222222222	0.555555555556	0.111111111111	0.0	0.444444444444	0.33333333333299997	0.444444444444	0.0	0.0	0.0	0.111111111111	0.0	0.0	0.0	0.0	0.0	0.0	0.0	0.0	0.0	0.0	0.0	0.0	0.0	0.0	0.0	0.0	0.0	0.111111111111
485.0	11.0	MRSGUMP	0.111111111111	0.111111111111	0.888888888889	0.111111111111	0.111111111111	0.777777777778	0.111111111111	0.0	0.666666666667	0.666666666667	0.33333333333299997	0.0	0.0	0.0	0.111111111111	0.0	0.0	0.0	0.0	0.0	0.0	0.0	0.0	0.0	0.0	0.0	0.0	0.0	0.0	0.0	0.0	0.0	0.0
493.0	1.0	MAN	-0.555555555556	0.444444444444	0.111111111111	0.0	0.0	0.444444444444	0.111111111111	0.0	0.33333333333299997	0.444444444444	0.111111111111	0.111111111111	0.0	0.0	0.0	0.0	0.0	0.111111111111	0.0	0.0	0.111111111111	0.0	0.0	0.0	0.0	0.0	0.0	0.0	0.0	0.0	0.0	0.0	0.0
494.0	2.0	MAN	-0.666666666667	0.444444444444	0.222222222222	0.0	0.0	0.555555555556	0.111111111111	0.0	0.222222222222	0.555555555556	0.111111111111	0.111111111111	0.0	0.0	0.0	0.0	0.0	0.0	0.0	0.0	0.111111111111	0.0	0.0	0.0	0.0	0.0	0.0	0.0	0.0	0.0	0.0	0.111111111111	0.0
496.0	2.0	MRSGUMP	-0.277777777778	0.166666666667	0.666666666667	0.0555555555556	0.166666666667	0.611111111111	0.0	0.0	0.611111111111	0.444444444444	0.388888888889	0.0	0.0	0.0	0.111111111111	0.0	0.0	0.0	0.0	0.0	0.0	0.0	0.0	0.111111111111	0.0	0.0	0.0	0.0	0.0	0.0	0.0	0.0	0.0
498.0	2.0	MRSGUMP	-0.666666666667	0.444444444444	0.444444444444	0.111111111111	0.222222222222	0.666666666667	0.0	0.0	0.777777777778	0.666666666667	0.222222222222	0.0	0.0	0.0	0.0	0.0	0.0	0.0	0.0	0.0	0.0	0.0	0.0	0.222222222222	0.0	0.0	0.0	0.0	0.0	0.0	0.0	0.0	0.0
500.0	7.0	FORREST	-0.33333333333299997	0.0	0.777777777778	0.0	0.444444444444	0.666666666667	0.111111111111	0.0	0.0	0.33333333333299997	0.444444444444	0.0	0.0	0.0	0.0	0.33333333333299997	0.0	0.0	0.0	0.0	0.0	0.0	0.0	0.0	0.0	0.0	0.0	0.0	0.0	0.0	0.0	0.0	0.0
501.0	1.0	MAN	-0.444444444444	0.444444444444	0.222222222222	0.111111111111	0.111111111111	0.111111111111	0.222222222222	0.0	0.555555555556	0.33333333333299997	0.33333333333299997	0.0	0.0	0.0	0.0	0.0	0.0	0.0	0.111111111111	0.0	0.0	0.0	0.0	0.0	0.0	0.0	0.0	0.0	0.0	0.0	0.0	0.111111111111	0.0
502.0	5.0	MAN	-0.555555555556	0.555555555556	0.222222222222	0.111111111111	0.111111111111	0.111111111111	0.222222222222	0.0	0.666666666667	0.33333333333299997	0.444444444444	0.0	0.0	0.0	0.0	0.0	0.0	0.0	0.222222222222	0.0	0.0	0.0	0.0	0.0	0.0	0.0	0.0	0.0	0.0	0.0	0.0	0.111111111111	0.0
507.0	1.0	MAN	0.111111111111	0.555555555556	0.222222222222	0.111111111111	0.222222222222	0.444444444444	0.111111111111	0.0	0.555555555556	0.666666666667	0.111111111111	0.0	0.0	0.0	0.0	0.0	0.0	0.0	0.0	0.0	0.0	0.0	0.0	0.111111111111	0.0	0.0	0.0	0.0	0.0	0.0	0.0	0.111111111111	0.0
508.0	4.0	MAN	0.111111111111	0.888888888889	0.111111111111	0.111111111111	0.111111111111	0.666666666667	0.111111111111	0.0	0.777777777778	0.888888888889	0.111111111111	0.0	0.0	0.0	0.0	0.0	0.0	0.0	0.111111111111	0.0	0.111111111111	0.0	0.0	0.111111111111	0.0	0.0	0.0	0.0	0.0	0.0	0.0	0.111111111111	0.0
513.0	3.0	MRSGUMP	-1.0	0.0	1.0	0.111111111111	0.222222222222	1.0	0.0	0.0	0.222222222222	0.888888888889	0.111111111111	0.0	0.0	0.222222222222	0.0	0.0	0.0	0.0	0.0	0.0	0.0	0.0	0.0	0.0	0.0	0.0	0.0	0.0	0.0	0.0	0.0	0.0	0.111111111111
516.0	1.0	MRSGUMP	-0.555555555556	0.0	0.555555555556	0.111111111111	0.222222222222	0.555555555556	0.0	0.0	0.111111111111	0.444444444444	0.111111111111	0.0	0.0	0.111111111111	0.0	0.0	0.0	0.0	0.0	0.0	0.0	0.0	0.0	0.0	0.0	0.0	0.0	0.0	0.0	0.0	0.0	0.0	0.111111111111
519.0	7.0	FORREST	-0.555555555556	0.0	0.555555555556	0.111111111111	0.33333333333299997	0.444444444444	0.0	0.0	0.0	0.111111111111	0.444444444444	0.0	0.0	0.0	0.0	0.0	0.0	0.0	0.0	0.0	0.0	0.0	0.0	0.0	0.0	0.0	0.0	0.0	0.0	0.0	0.111111111111	0.0	0.111111111111
529.0	12.0	MAN	-0.111111111111	0.777777777778	0.0	0.277777777778	0.277777777778	0.444444444444	0.0	0.0	0.33333333333299997	0.33333333333299997	0.444444444444	0.111111111111	0.0	0.0	0.0	0.0	0.0	0.0	0.0	0.0	0.33333333333299997	0.0	0.0	0.0	0.0	0.0	0.0	0.0	0.0	0.0	0.0	0.0555555555556	0.0
547.0	1.0	FORREST	-0.111111111111	0.0	0.555555555556	0.33333333333299997	0.111111111111	0.555555555556	0.0	0.0	0.0	0.444444444444	0.111111111111	0.0	0.0	0.0	0.0	0.0	0.0	0.0	0.0	0.0	0.0	0.0	0.222222222222	0.0	0.0	0.0	0.0	0.0	0.0	0.0	0.0	0.0	0.0
548.0	2.0	FORREST	-0.111111111111	0.111111111111	0.444444444444	0.444444444444	0.222222222222	0.555555555556	0.0	0.0	0.0	0.444444444444	0.111111111111	0.0	0.0	0.0	0.0	0.0	0.0	0.0	0.0	0.0	0.0	0.0	0.222222222222	0.0	0.0	0.0	0.0	0.0	0.0	0.0	0.0	0.0	0.0
555.0	1.0	FORREST	-0.33333333333299997	0.111111111111	0.444444444444	0.222222222222	0.222222222222	0.555555555556	0.222222222222	0.0	0.0	0.111111111111	0.555555555556	0.0	0.0	0.0	0.0	0.0	0.0	0.0	0.0	0.0	0.0	0.0	0.0	0.0	0.0	0.0	0.0	0.0	0.0	0.0	0.0	0.0	0.0
556.0	9.0	MRSGUMP	-0.555555555556	0.555555555556	0.0	0.0	0.222222222222	0.222222222222	0.222222222222	0.0	0.222222222222	0.111111111111	0.444444444444	0.0	0.0	0.0	0.0	0.0	0.0	0.0	0.0	0.0	0.111111111111	0.0	0.0	0.0	0.111111111111	0.0	0.0	0.0	0.0	0.0	0.0	0.0	0.0
571.0	1.0	MRSGUMP	-0.666666666667	0.0	0.666666666667	0.222222222222	0.111111111111	0.555555555556	0.222222222222	0.0	0.222222222222	0.33333333333299997	0.33333333333299997	0.0	0.0	0.0	0.0	0.0	0.0	0.0	0.0	0.0	0.0	0.0	0.0	0.0	0.0	0.0	0.0	0.0	0.0	0.0	0.555555555556	0.0	0.0
572.0	3.0	MRSGUMP	-0.555555555556	0.0	1.0	0.222222222222	0.33333333333299997	0.666666666667	0.33333333333299997	0.0	0.33333333333299997	0.555555555556	0.444444444444	0.0	0.0	0.111111111111	0.0	0.0	0.0	0.0	0.0	0.0	0.0	0.0	0.0	0.0	0.0	0.0	0.0	0.0	0.0	0.0	0.666666666667	0.0	0.0
575.0	2.0	MRSGUMP	-0.33333333333299997	0.0	1.0	0.222222222222	0.33333333333299997	0.666666666667	0.33333333333299997	0.0	0.33333333333299997	0.444444444444	0.555555555556	0.0	0.0	0.111111111111	0.0	0.0	0.0	0.0	0.0	0.0	0.0	0.0	0.0	0.0	0.0	0.0	0.0	0.0	0.0	0.0	0.777777777778	0.0	0.0
577.0	3.0	MRSGUMP	-0.111111111111	0.0	1.0	0.222222222222	0.33333333333299997	0.666666666667	0.222222222222	0.0	0.444444444444	0.555555555556	0.444444444444	0.0	0.0	0.111111111111	0.0	0.0	0.0	0.0	0.0	0.0	0.0	0.0	0.0	0.0	0.0	0.0	0.0	0.0	0.0	0.0	0.666666666667	0.0	0.0
580.0	6.0	FORREST	-0.33333333333299997	0.0	0.555555555556	0.0	0.444444444444	0.444444444444	0.33333333333299997	0.0	0.0	0.0	0.555555555556	0.0	0.0	0.0	0.0	0.0	0.0	0.0	0.0	0.0	0.0	0.0	0.0	0.0	0.0	0.0	0.0	0.0	0.0	0.0	0.33333333333299997	0.0	0.0
580.0	2.0	MRSGUMP	-0.277777777778	0.0	0.833333333333	0.222222222222	0.222222222222	0.666666666667	0.111111111111	0.0	0.388888888889	0.388888888889	0.444444444444	0.0	0.0	0.0	0.0	0.0	0.0	0.0	0.0	0.0	0.0	0.0	0.0	0.0	0.0	0.0	0.0	0.0	0.0	0.0	0.666666666667	0.0	0.0
582.0	1.0	MRSGUMP	-0.111111111111	0.0	0.555555555556	0.222222222222	0.222222222222	0.444444444444	0.111111111111	0.0	0.33333333333299997	0.33333333333299997	0.222222222222	0.0	0.0	0.0	0.0	0.0	0.0	0.0	0.0	0.0	0.0	0.0	0.0	0.0	0.0	0.0	0.0	0.0	0.0	0.0	0.444444444444	0.0	0.0
588.0	6.0	FORRESTVO	-0.666666666667	0.888888888889	0.0	0.111111111111	0.222222222222	0.0	0.0	0.0	0.666666666667	0.111111111111	0.777777777778	0.0	0.0	0.0	0.0	0.0	0.0	0.0	0.0	0.0	0.444444444444	0.0	0.0	0.111111111111	0.111111111111	0.0	0.0	0.0	0.0	0.0	0.0	0.111111111111	0.0
594.0	1.0	FORRESTVO	-0.444444444444	0.666666666667	0.0	0.111111111111	0.222222222222	0.0	0.0	0.0	0.444444444444	0.111111111111	0.555555555556	0.0	0.0	0.0	0.0	0.0	0.0	0.0	0.0	0.0	0.444444444444	0.0	0.0	0.0	0.111111111111	0.0	0.0	0.0	0.0	0.0	0.0	0.0	0.0
615.0	2.0	MRSGUMP	-0.33333333333299997	0.33333333333299997	0.222222222222	0.0	0.0	0.555555555556	0.111111111111	0.0	0.33333333333299997	0.555555555556	0.0	0.0	0.0	0.0	0.111111111111	0.0	0.0	0.0	0.0	0.0	0.0	0.0	0.0	0.0	0.0	0.0	0.0	0.0	0.0	0.0	0.0	0.0	0.0
630.0	4.0	ELVISPRESLEY	-0.555555555556	0.555555555556	0.0	0.0	0.222222222222	0.0	0.33333333333299997	0.0	0.444444444444	0.33333333333299997	0.222222222222	0.0	0.0	0.0	0.0	0.0	0.0	0.0	0.0	0.0	0.111111111111	0.0	0.0	0.0	0.0	0.0	0.0	0.0	0.0	0.0	0.0	0.0	0.0
630.0	4.0	FORREST	-0.111111111111	0.555555555556	0.0	0.0	0.222222222222	0.33333333333299997	0.444444444444	0.0	0.0	0.0	0.555555555556	0.0	0.0	0.0	0.0	0.0	0.0	0.0	0.0	0.0	0.444444444444	0.0	0.0	0.0	0.0	0.0	0.0	0.0	0.0	0.0	0.0	0.0	0.0
632.0	1.0	MRSGUMP	-0.111111111111	0.222222222222	0.33333333333299997	0.0	0.0	0.555555555556	0.222222222222	0.0	0.33333333333299997	0.444444444444	0.111111111111	0.0	0.0	0.0	0.0	0.0	0.0	0.0	0.0	0.0	0.0	0.0	0.0	0.0	0.0	0.0	0.0	0.0	0.0	0.0	0.0	0.0	0.111111111111
633.0	5.0	MRSGUMP	-0.777777777778	0.0	1.0	0.0	0.0	1.0	0.111111111111	0.0	0.777777777778	0.666666666667	0.33333333333299997	0.0	0.0	0.111111111111	0.0	0.0	0.0	0.0	0.0	0.0	0.0	0.0	0.0	0.0	0.0	0.0	0.0	0.0	0.0	0.0	0.0	0.0	0.111111111111
634.0	7.0	FORREST	-0.555555555556	0.222222222222	0.33333333333299997	0.0	0.222222222222	0.444444444444	0.111111111111	0.0	0.0	0.0	0.555555555556	0.0	0.0	0.0	0.0	0.222222222222	0.0	0.0	0.0	0.0	0.111111111111	0.0	0.0	0.0	0.0	0.0	0.0	0.0	0.0	0.0	0.0	0.0	0.111111111111
637.0	2.0	ELVISPRESLEY	-0.555555555556	0.555555555556	0.0	0.0	0.111111111111	0.0	0.33333333333299997	0.0	0.555555555556	0.444444444444	0.111111111111	0.0	0.0	0.0	0.0	0.0	0.0	0.0	0.0	0.0	0.111111111111	0.0	0.0	0.0	0.0	0.0	0.0	0.0	0.0	0.0	0.0	0.0	0.0
638.0	2.0	MRSGUMP	-0.666666666667	0.111111111111	0.555555555556	0.0	0.111111111111	0.666666666667	0.111111111111	0.0	0.444444444444	0.33333333333299997	0.33333333333299997	0.0	0.0	0.111111111111	0.0	0.0	0.0	0.0	0.0	0.0	0.0	0.0	0.0	0.0	0.0	0.0	0.0	0.111111111111	0.0	0.0	0.0	0.0	0.111111111111
640.0	4.0	MRSGUMP	-0.666666666667	0.444444444444	0.222222222222	0.111111111111	0.222222222222	0.555555555556	0.111111111111	0.0	0.33333333333299997	0.33333333333299997	0.33333333333299997	0.0	0.0	0.111111111111	0.0	0.0	0.0	0.0	0.0	0.0	0.111111111111	0.0	0.0	0.0	0.0	0.0	0.0	0.222222222222	0.0	0.0	0.0	0.0	0.111111111111
644.0	1.0	ELVISPRESLEY	-0.555555555556	0.777777777778	0.0	0.0	0.222222222222	0.0	0.111111111111	0.0	0.777777777778	0.555555555556	0.222222222222	0.111111111111	0.0	0.0	0.0	0.0	0.0	0.0	0.0	0.444444444444	0.111111111111	0.0	0.0	0.0	0.0	0.0	0.0	0.0	0.0	0.0	0.0	0.0	0.0
644.0	1.0	MRSGUMP	-0.33333333333299997	0.444444444444	0.111111111111	0.111111111111	0.111111111111	0.555555555556	0.111111111111	0.0	0.222222222222	0.33333333333299997	0.222222222222	0.0	0.0	0.111111111111	0.0	0.0	0.0	0.0	0.0	0.0	0.222222222222	0.0	0.0	0.0	0.0	0.0	0.0	0.111111111111	0.0	0.0	0.0	0.0	0.0
645.0	3.0	ELVISPRESLEY	-0.444444444444	0.666666666667	0.0	0.0	0.222222222222	0.0	0.111111111111	0.0	0.666666666667	0.444444444444	0.222222222222	0.111111111111	0.0	0.0	0.0	0.0	0.0	0.0	0.0	0.33333333333299997	0.111111111111	0.0	0.0	0.0	0.0	0.0	0.0	0.0	0.0	0.0	0.0	0.0	0.0
648.0	4.0	ELVISPRESLEY	-0.611111111111	0.833333333333	0.0	0.0	0.33333333333299997	0.111111111111	0.222222222222	0.0	0.611111111111	0.388888888889	0.444444444444	0.111111111111	0.0	0.0	0.0	0.0	0.0	0.0	0.0	0.111111111111	0.277777777778	0.0	0.0	0.0	0.0	0.0	0.0	0.0	0.0	0.0	0.0	0.111111111111	0.0
652.0	8.0	ELVISPRESLEY	-0.444444444444	0.666666666667	0.0	0.0	0.33333333333299997	0.111111111111	0.222222222222	0.0	0.444444444444	0.222222222222	0.444444444444	0.0	0.0	0.0	0.0	0.0	0.0	0.0	0.0	0.0	0.222222222222	0.0	0.0	0.0	0.0	0.0	0.0	0.0	0.0	0.0	0.0	0.111111111111	0.0
652.0	3.0	FORREST	0.111111111111	0.555555555556	0.0	0.0	0.222222222222	0.33333333333299997	0.33333333333299997	0.0	0.0	0.111111111111	0.444444444444	0.0	0.0	0.0	0.0	0.0	0.0	0.0	0.0	0.0	0.444444444444	0.0	0.0	0.0	0.0	0.0	0.0	0.0	0.0	0.0	0.0	0.0	0.0
654.0	1.0	FORRESTVO	-0.33333333333299997	0.555555555556	0.0	0.111111111111	0.0	0.0	0.0	0.0	0.555555555556	0.222222222222	0.33333333333299997	0.111111111111	0.0	0.0	0.0	0.0	0.0	0.0	0.0	0.0	0.222222222222	0.0	0.0	0.0	0.0	0.0	0.0	0.0	0.0	0.0	0.0	0.0	0.0
655.0	5.0	FORREST	0.0	0.666666666667	0.0	0.0	0.33333333333299997	0.33333333333299997	0.33333333333299997	0.0	0.0	0.111111111111	0.555555555556	0.0	0.0	0.0	0.0	0.0	0.0	0.0	0.0	0.0	0.555555555556	0.0	0.0	0.0	0.0	0.0	0.0	0.0	0.0	0.0	0.0	0.0	0.0
655.0	3.0	FORRESTVO	-0.33333333333299997	0.777777777778	0.0	0.111111111111	0.111111111111	0.0	0.0	0.0	0.777777777778	0.222222222222	0.555555555556	0.111111111111	0.0	0.0	0.0	0.0	0.0	0.0	0.0	0.0	0.444444444444	0.0	0.0	0.0	0.0	0.0	0.0	0.0	0.0	0.0	0.0	0.0	0.0
658.0	6.0	FORRESTVO	-0.222222222222	0.666666666667	0.0	0.111111111111	0.111111111111	0.0	0.0	0.0	0.666666666667	0.222222222222	0.444444444444	0.0	0.0	0.0	0.0	0.0	0.0	0.0	0.0	0.0	0.444444444444	0.0	0.0	0.0	0.0	0.0	0.0	0.0	0.0	0.0	0.0	0.0	0.0
664.0	4.0	FORRESTVO	-0.33333333333299997	0.777777777778	0.0	0.222222222222	0.111111111111	0.0	0.0	0.0	0.666666666667	0.222222222222	0.555555555556	0.0	0.0	0.0	0.0	0.0	0.0	0.0	0.0	0.0	0.555555555556	0.0	0.0	0.0	0.0	0.0	0.0	0.0	0.0	0.0	0.0	0.0	0.0
668.0	1.0	FORRESTVO	-0.222222222222	0.666666666667	0.0	0.111111111111	0.111111111111	0.0	0.0	0.0	0.666666666667	0.222222222222	0.444444444444	0.0	0.0	0.0	0.0	0.0	0.0	0.0	0.0	0.0	0.444444444444	0.0	0.0	0.0	0.0	0.0	0.0	0.0	0.0	0.0	0.0	0.0	0.0
675.0	25.0	ELVISPRESLEY	0.555555555556	0.555555555556	0.0	0.0	0.222222222222	0.33333333333299997	0.555555555556	0.0	0.0	0.0	0.555555555556	0.0	0.0	0.0	0.0	0.0	0.0	0.0	0.0	0.0	0.111111111111	0.0	0.0	0.0	0.0	0.0	0.0	0.0	0.0	0.0	0.0	0.0	0.0
680.0	5.0	MRSGUMP	0.444444444444	0.0	0.888888888889	0.0	0.0	0.777777777778	0.33333333333299997	0.0	0.444444444444	0.777777777778	0.111111111111	0.0	0.0	0.444444444444	0.0	0.0	0.0	0.0	0.0	0.0	0.0	0.0	0.0	0.0	0.0	0.0	0.0	0.0	0.0	0.0	0.0	0.0	0.111111111111
685.0	2.0	MRSGUMP	0.555555555556	0.111111111111	0.888888888889	0.0	0.0	0.888888888889	0.33333333333299997	0.0	0.444444444444	0.888888888889	0.111111111111	0.0	0.0	0.444444444444	0.0	0.0	0.0	0.0	0.0	0.0	0.0	0.0	0.0	0.0	0.0	0.0	0.0	0.0	0.0	0.0	0.0	0.0	0.111111111111
687.0	1.0	MRSGUMP	0.444444444444	0.111111111111	0.777777777778	0.0	0.0	0.777777777778	0.33333333333299997	0.0	0.444444444444	0.888888888889	0.0	0.0	0.0	0.444444444444	0.0	0.0	0.0	0.0	0.0	0.0	0.0	0.0	0.0	0.0	0.0	0.0	0.0	0.0	0.0	0.0	0.0	0.0	0.0
688.0	2.0	MRSGUMP	0.0555555555556	0.0	0.944444444444	0.0	0.0	0.888888888889	0.277777777778	0.0	0.611111111111	0.833333333333	0.111111111111	0.0	0.0	0.555555555556	0.0	0.0	0.0	0.0	0.0	0.0	0.0	0.0	0.0	0.0	0.0	0.0	0.0	0.0	0.0	0.0	0.0	0.0	0.0
691.0	2.0	FORREST	-0.777777777778	0.444444444444	0.33333333333299997	0.0	0.222222222222	0.555555555556	0.222222222222	0.0	0.0	0.666666666667	0.111111111111	0.0	0.0	0.0	0.0	0.0	0.0	0.0	0.0	0.0	0.0	0.0	0.0	0.0	0.0	0.0	0.0	0.0	0.0	0.0	0.0	0.0	0.0
703.0	7.0	FORREST	-0.777777777778	0.666666666667	0.222222222222	0.0	0.0	0.666666666667	0.111111111111	0.0	0.666666666667	0.222222222222	0.555555555556	0.0	0.0	0.0	0.0	0.0	0.0	0.0	0.0	0.0	0.0	0.0	0.0	0.0	0.0	0.0	0.0	0.0	0.0	0.0	0.0	0.0	0.0
710.0	2.0	FORREST	-0.666666666667	0.666666666667	0.0	0.111111111111	0.0	0.666666666667	0.111111111111	0.0	0.444444444444	0.0	0.666666666667	0.0	0.0	0.0	0.0	0.0	0.0	0.0	0.0	0.0	0.111111111111	0.0	0.0	0.0	0.0	0.0	0.0	0.0	0.0	0.0	0.0	0.0	0.0
714.0	4.0	MRSGUMP	-0.166666666667	0.611111111111	0.0	0.0	0.0	0.33333333333299997	0.555555555556	0.0	0.277777777778	0.611111111111	0.0	0.0	0.0	0.0	0.0	0.0	0.0	0.0	0.0	0.0	0.0	0.0	0.0	0.111111111111	0.388888888889	0.0	0.0	0.0	0.0	0.0	0.0	0.0	0.0
718.0	2.0	MRSGUMP	-0.277777777778	0.722222222222	0.0	0.0	0.0	0.33333333333299997	0.666666666667	0.0	0.388888888889	0.722222222222	0.0	0.0	0.0	0.0	0.0	0.0	0.0	0.0	0.0	0.0	0.0	0.0	0.0	0.0	0.611111111111	0.0	0.0	0.0	0.0	0.0	0.0	0.0	0.0
720.0	1.0	MRSGUMP	-0.33333333333299997	0.555555555556	0.0	0.0	0.0	0.33333333333299997	0.555555555556	0.0	0.33333333333299997	0.555555555556	0.0	0.0	0.0	0.0	0.0	0.0	0.0	0.0	0.0	0.0	0.0	0.0	0.0	0.0	0.444444444444	0.0	0.0	0.0	0.0	0.0	0.0	0.0	0.0
723.0	3.0	WOMAN	-0.555555555556	0.111111111111	0.444444444444	0.0	0.0	0.555555555556	0.111111111111	0.0	0.111111111111	0.33333333333299997	0.222222222222	0.0	0.0	0.111111111111	0.0	0.0	0.0	0.0	0.0	0.0	0.0	0.0	0.0	0.0	0.0	0.0	0.0	0.0	0.0	0.0	0.0	0.0	0.0
726.0	2.0	WOMAN	-0.666666666667	0.111111111111	0.555555555556	0.0	0.0	0.666666666667	0.111111111111	0.0	0.222222222222	0.444444444444	0.222222222222	0.0	0.0	0.222222222222	0.0	0.0	0.0	0.0	0.0	0.0	0.0	0.0	0.0	0.0	0.0	0.0	0.0	0.0	0.0	0.0	0.0	0.0	0.0
728.0	3.0	WOMAN	-0.555555555556	0.111111111111	0.444444444444	0.0	0.0	0.555555555556	0.111111111111	0.0	0.222222222222	0.33333333333299997	0.222222222222	0.0	0.0	0.111111111111	0.0	0.0	0.0	0.0	0.0	0.0	0.0	0.0	0.0	0.0	0.0	0.0	0.0	0.0	0.0	0.0	0.0	0.0	0.0
729.0	7.0	FORREST	-0.555555555556	0.111111111111	0.444444444444	0.0	0.111111111111	0.444444444444	0.222222222222	0.0	0.33333333333299997	0.0	0.555555555556	0.0	0.0	0.0	0.0	0.111111111111	0.0	0.0	0.0	0.0	0.0	0.0	0.0	0.0	0.0	0.0	0.0	0.0	0.0	0.0	0.0	0.0	0.0
741.0	2.0	WOMAN	-0.666666666667	0.555555555556	0.111111111111	0.0	0.0	0.555555555556	0.111111111111	0.0	0.222222222222	0.555555555556	0.111111111111	0.0	0.0	0.111111111111	0.0	0.0	0.0	0.0	0.0	0.0	0.111111111111	0.0	0.0	0.0	0.0	0.0	0.0	0.0	0.0	0.0	0.0	0.0	0.0
743.0	1.0	WOMAN	-0.555555555556	0.444444444444	0.111111111111	0.0	0.0	0.444444444444	0.0	0.0	0.222222222222	0.444444444444	0.111111111111	0.0	0.0	0.111111111111	0.0	0.0	0.0	0.0	0.0	0.0	0.222222222222	0.0	0.0	0.0	0.0	0.0	0.0	0.0	0.0	0.0	0.0	0.0	0.0
744.0	1.0	WOMAN	-0.666666666667	0.666666666667	0.0	0.111111111111	0.0	0.666666666667	0.0	0.0	0.0	0.555555555556	0.111111111111	0.0	0.0	0.0	0.0	0.0	0.0	0.0	0.0	0.0	0.33333333333299997	0.0	0.0	0.0	0.0	0.0	0.0	0.0	0.0	0.0	0.0	0.0	0.0
756.0	3.0	BOY	-0.111111111111	0.0	0.777777777778	0.0	0.111111111111	0.555555555556	0.222222222222	0.0	0.666666666667	0.777777777778	0.0	0.0	0.0	0.666666666667	0.0	0.0	0.0	0.0	0.0	0.0	0.0	0.0	0.111111111111	0.0	0.0	0.0	0.0	0.0	0.0	0.0	0.0	0.0	0.0
759.0	1.0	BOY	-0.222222222222	0.0	0.666666666667	0.0	0.111111111111	0.444444444444	0.444444444444	0.0	0.666666666667	0.666666666667	0.0	0.0	0.0	0.555555555556	0.0	0.0	0.0	0.0	0.0	0.0	0.0	0.0	0.222222222222	0.0	0.0	0.0	0.0	0.0	0.0	0.0	0.0	0.0	0.0
759.0	2.0	FORREST	-0.444444444444	0.0	0.666666666667	0.0	0.666666666667	0.33333333333299997	0.222222222222	0.0	0.0	0.111111111111	0.555555555556	0.0	0.0	0.0	0.111111111111	0.0	0.0	0.0	0.0	0.0	0.0	0.0	0.0	0.0	0.0	0.0	0.0	0.0	0.0	0.0	0.555555555556	0.0	0.111111111111
760.0	1.0	BOY	-0.444444444444	0.0	0.888888888889	0.0	0.0	0.555555555556	0.555555555556	0.0	0.888888888889	0.888888888889	0.0	0.0	0.0	0.777777777778	0.0	0.0	0.0	0.0	0.0	0.0	0.0	0.0	0.222222222222	0.0	0.0	0.0	0.0	0.0	0.0	0.0	0.0	0.0	0.0
761.0	12.0	FORREST	-0.555555555556	0.0	0.777777777778	0.0	0.777777777778	0.444444444444	0.222222222222	0.0	0.0	0.111111111111	0.666666666667	0.0	0.0	0.0	0.222222222222	0.0	0.0	0.0	0.0	0.0	0.0	0.0	0.0	0.0	0.0	0.0	0.0	0.0	0.0	0.0	0.555555555556	0.0	0.111111111111
762.0	1.0	GIRL	-0.777777777778	0.0	0.777777777778	0.0	0.111111111111	0.444444444444	0.555555555556	0.0	0.0	0.777777777778	0.0	0.0	0.0	0.222222222222	0.0	0.0	0.0	0.0	0.0	0.0	0.0	0.0	0.0	0.0	0.0	0.0	0.0	0.0	0.0	0.0	0.0	0.0	0.111111111111
763.0	1.0	GIRL	-0.888888888889	0.0	0.888888888889	0.0	0.111111111111	0.555555555556	0.666666666667	0.0	0.0	0.888888888889	0.0	0.0	0.0	0.222222222222	0.0	0.0	0.0	0.0	0.0	0.0	0.0	0.0	0.0	0.0	0.0	0.0	0.0	0.0	0.0	0.0	0.0	0.0	0.111111111111
764.0	1.0	GIRL	-0.666666666667	0.0	0.666666666667	0.0	0.0	0.555555555556	0.444444444444	0.0	0.0	0.666666666667	0.0	0.0	0.0	0.111111111111	0.0	0.0	0.0	0.0	0.0	0.0	0.0	0.0	0.0	0.0	0.0	0.0	0.0	0.0	0.0	0.0	0.0	0.0	0.111111111111
768.0	1.0	BOY	-0.33333333333299997	0.0	0.555555555556	0.0	0.111111111111	0.222222222222	0.33333333333299997	0.0	0.555555555556	0.555555555556	0.0	0.0	0.0	0.555555555556	0.0	0.0	0.0	0.0	0.0	0.0	0.0	0.0	0.0	0.0	0.0	0.0	0.0	0.0	0.0	0.0	0.0	0.0	0.0
769.0	1.0	BOY	-0.555555555556	0.0	1.0	0.0	0.111111111111	0.444444444444	0.666666666667	0.0	1.0	1.0	0.0	0.0	0.0	0.777777777778	0.0	0.0	0.0	0.0	0.0	0.0	0.0	0.0	0.111111111111	0.0	0.0	0.0	0.0	0.0	0.0	0.0	0.0	0.0	0.0
773.0	5.0	FORREST	-0.777777777778	0.0	1.0	0.0	1.0	0.666666666667	0.222222222222	0.0	0.0	0.111111111111	0.888888888889	0.0	0.0	0.0	0.33333333333299997	0.0	0.0	0.0	0.0	0.0	0.0	0.0	0.0	0.0	0.0	0.0	0.0	0.0	0.0	0.0	0.555555555556	0.0	0.111111111111
786.0	1.0	FORREST	-0.222222222222	0.666666666667	0.0	0.0	0.111111111111	0.444444444444	0.0	0.0	0.444444444444	0.444444444444	0.222222222222	0.111111111111	0.0	0.0	0.0	0.0	0.0	0.0	0.0	0.0	0.111111111111	0.0	0.0	0.0	0.33333333333299997	0.0	0.0	0.0	0.0	0.0	0.0	0.111111111111	0.0
787.0	4.0	FORREST	-0.222222222222	0.888888888889	0.0	0.0	0.0	0.666666666667	0.0	0.0	0.666666666667	0.777777777778	0.111111111111	0.111111111111	0.0	0.0	0.0	0.0	0.0	0.0	0.0	0.0	0.0	0.0	0.0	0.0	0.666666666667	0.0	0.0	0.0	0.0	0.0	0.0	0.111111111111	0.0
791.0	2.0	FORRESTVO	0.111111111111	0.555555555556	0.0	0.111111111111	0.0	0.0	0.0	0.0	0.555555555556	0.555555555556	0.0	0.0	0.0	0.0	0.0	0.0	0.0	0.0	0.0	0.0	0.0	0.0	0.0	0.0	0.555555555556	0.0	0.0	0.0	0.0	0.0	0.0	0.0	0.0
794.0	7.0	JENNY	-0.555555555556	0.33333333333299997	0.222222222222	0.0	0.0	0.222222222222	0.111111111111	0.0	0.555555555556	0.555555555556	0.0	0.0	0.0	0.0	0.0	0.0	0.0	0.0	0.0	0.0	0.0	0.0	0.0	0.0	0.0	0.0	0.0	0.0	0.0	0.0	0.0	0.0	0.0
795.0	10.0	FORRESTVO	-0.111111111111	0.666666666667	0.0	0.111111111111	0.0	0.0	0.0	0.0	0.666666666667	0.666666666667	0.0	0.0555555555556	0.0	0.0	0.0	0.0	0.0	0.0	0.0	0.0	0.0	0.0	0.0	0.0	0.666666666667	0.0	0.0	0.0	0.0	0.0	0.0	0.0	0.0
799.0	1.0	FORREST	-0.111111111111	0.555555555556	0.0	0.0	0.111111111111	0.444444444444	0.444444444444	0.0	0.0	0.555555555556	0.0	0.0	0.0	0.0	0.0	0.0	0.0	0.0	0.0	0.222222222222	0.0	0.0	0.0	0.0	0.111111111111	0.0	0.0	0.0	0.0	0.0	0.0	0.0	0.0
800.0	8.0	FORREST	-0.111111111111	0.777777777778	0.0	0.0	0.111111111111	0.777777777778	0.33333333333299997	0.0	0.0	0.777777777778	0.0	0.444444444444	0.0	0.0	0.0	0.0	0.0	0.0	0.0	0.222222222222	0.0	0.0	0.0	0.0	0.111111111111	0.0	0.0	0.0	0.0	0.0	0.0	0.0	0.0
808.0	5.0	FORREST	-0.111111111111	0.555555555556	0.0	0.0	0.111111111111	0.555555555556	0.222222222222	0.0	0.0	0.33333333333299997	0.222222222222	0.111111111111	0.0	0.0	0.0	0.0	0.0	0.0	0.0	0.0	0.222222222222	0.0	0.0	0.0	0.111111111111	0.0	0.0	0.0	0.0	0.0	0.0	0.0	0.0
809.0	1.0	JENNY	-0.33333333333299997	0.33333333333299997	0.222222222222	0.0	0.0	0.444444444444	0.222222222222	0.0	0.444444444444	0.555555555556	0.0	0.0	0.0	0.0	0.0	0.0	0.0	0.0	0.0	0.0	0.0	0.0	0.0	0.0	0.0	0.0	0.0	0.0	0.0	0.0	0.0	0.0	0.0
810.0	1.0	JENNY	-0.666666666667	0.222222222222	0.444444444444	0.0	0.0	0.555555555556	0.222222222222	0.0	0.33333333333299997	0.666666666667	0.0	0.0	0.0	0.0	0.0	0.0	0.0	0.0	0.0	0.0	0.0	0.0	0.0	0.0	0.0	0.0	0.0	0.0	0.0	0.0	0.0	0.0	0.0
811.0	1.0	JENNY	-0.666666666667	0.111111111111	0.555555555556	0.0	0.0	0.555555555556	0.222222222222	0.0	0.33333333333299997	0.666666666667	0.0	0.0	0.0	0.0	0.0	0.0	0.0	0.0	0.0	0.0	0.0	0.0	0.0	0.0	0.0	0.0	0.0	0.0	0.0	0.0	0.0	0.0	0.0
812.0	4.0	JENNY	-0.555555555556	0.111111111111	0.444444444444	0.0	0.0	0.555555555556	0.222222222222	0.0	0.222222222222	0.555555555556	0.0	0.0	0.0	0.0	0.0	0.0	0.0	0.0	0.0	0.0	0.0	0.0	0.0	0.0	0.0	0.0	0.0	0.0	0.0	0.0	0.0	0.0	0.0
819.0	1.0	FORRESTVO	-0.111111111111	0.555555555556	0.0	0.111111111111	0.0	0.0	0.0	0.0	0.444444444444	0.555555555556	0.0	0.111111111111	0.0	0.0	0.0	0.0	0.0	0.0	0.0	0.0	0.111111111111	0.0	0.0	0.0	0.33333333333299997	0.0	0.0	0.0	0.0	0.0	0.0	0.0	0.0
820.0	5.0	FORRESTVO	-0.222222222222	0.666666666667	0.0	0.111111111111	0.111111111111	0.0	0.0	0.0	0.555555555556	0.555555555556	0.111111111111	0.111111111111	0.0	0.0	0.0	0.0	0.0	0.0	0.0	0.0	0.222222222222	0.0	0.0	0.0	0.33333333333299997	0.0	0.0	0.0	0.0	0.0	0.0	0.0	0.0
825.0	7.0	FORRESTVO	-0.33333333333299997	0.555555555556	0.0	0.0	0.111111111111	0.0	0.0	0.0	0.555555555556	0.444444444444	0.111111111111	0.111111111111	0.0	0.0	0.0	0.0	0.0	0.0	0.0	0.0	0.222222222222	0.0	0.0	0.0	0.222222222222	0.0	0.0	0.0	0.0	0.0	0.0	0.0	0.0
840.0	3.0	JENNY	-0.33333333333299997	0.555555555556	0.0	0.0	0.111111111111	0.444444444444	0.33333333333299997	0.0	0.222222222222	0.222222222222	0.33333333333299997	0.0	0.0	0.0	0.0	0.0	0.0	0.0	0.0	0.0	0.111111111111	0.0	0.0	0.0	0.0	0.0	0.0	0.0	0.0	0.0	0.0	0.0	0.0
843.0	2.0	JENNY	-0.33333333333299997	0.555555555556	0.0	0.0	0.111111111111	0.555555555556	0.222222222222	0.0	0.111111111111	0.111111111111	0.444444444444	0.0	0.0	0.0	0.0	0.0	0.0	0.0	0.0	0.0	0.222222222222	0.0	0.0	0.0	0.0	0.0	0.0	0.0	0.0	0.0	0.0	0.0	0.0
844.0	3.0	FORRESTVO	-0.111111111111	0.555555555556	0.0	0.0	0.0	0.0	0.0	0.0	0.555555555556	0.555555555556	0.0	0.111111111111	0.0	0.0	0.0	0.0	0.0	0.0	0.0	0.0	0.111111111111	0.0	0.0	0.0	0.33333333333299997	0.0	0.0	0.0	0.0	0.0	0.0	0.111111111111	0.0
847.0	5.0	JENNY	-0.33333333333299997	0.555555555556	0.0	0.0	0.444444444444	0.222222222222	0.444444444444	0.0	0.0	0.111111111111	0.444444444444	0.0	0.0	0.0	0.0	0.0	0.0	0.0	0.0	0.0	0.555555555556	0.0	0.0	0.0	0.0	0.0	0.0	0.0	0.0	0.0	0.0	0.0	0.0
847.0	1.0	FORRESTVO	-0.111111111111	0.555555555556	0.0	0.111111111111	0.222222222222	0.0	0.0	0.0	0.444444444444	0.33333333333299997	0.222222222222	0.0	0.0	0.0	0.0	0.0	0.0	0.0	0.0	0.0	0.33333333333299997	0.0	0.0	0.0	0.111111111111	0.0	0.0	0.0	0.0	0.0	0.0	0.0	0.0
848.0	10.0	FORREST	-0.33333333333299997	0.555555555556	0.0	0.0	0.444444444444	0.222222222222	0.33333333333299997	0.0	0.0	0.111111111111	0.444444444444	0.0	0.0	0.0	0.0	0.0	0.0	0.0	0.0	0.0	0.555555555556	0.0	0.0	0.0	0.0	0.0	0.0	0.0	0.0	0.0	0.0	0.0	0.0
848.0	3.0	FORRESTVO	-0.111111111111	0.777777777778	0.0	0.111111111111	0.222222222222	0.0	0.0	0.0	0.666666666667	0.444444444444	0.33333333333299997	0.0	0.0	0.0	0.0	0.0	0.0	0.0	0.0	0.0	0.444444444444	0.0	0.0	0.0	0.222222222222	0.0	0.0	0.0	0.0	0.0	0.0	0.0	0.0
851.0	5.0	FORRESTVO	-0.222222222222	0.888888888889	0.0	0.111111111111	0.222222222222	0.0	0.0	0.0	0.777777777778	0.555555555556	0.33333333333299997	0.0	0.0	0.0	0.0	0.0	0.0	0.0	0.0	0.0	0.555555555556	0.0	0.0	0.0	0.33333333333299997	0.0	0.0	0.0	0.0	0.0	0.0	0.0	0.0
852.0	5.0	JENNY	-0.444444444444	0.666666666667	0.0	0.111111111111	0.444444444444	0.222222222222	0.555555555556	0.0	0.111111111111	0.222222222222	0.444444444444	0.0	0.0	0.0	0.0	0.0	0.0	0.0	0.0	0.0	0.555555555556	0.0	0.0	0.111111111111	0.0	0.0	0.0	0.0	0.0	0.0	0.0	0.0	0.0
856.0	8.0	FORRESTVO	-0.111111111111	0.777777777778	0.0	0.111111111111	0.222222222222	0.0	0.0	0.0	0.666666666667	0.444444444444	0.33333333333299997	0.0	0.0	0.0	0.0	0.0	0.0	0.0	0.0	0.0	0.555555555556	0.0	0.0	0.0	0.222222222222	0.0	0.0	0.0	0.0	0.0	0.0	0.0	0.0
857.0	1.0	JENNY	-0.33333333333299997	0.555555555556	0.0	0.0	0.444444444444	0.222222222222	0.444444444444	0.0	0.0	0.111111111111	0.444444444444	0.0	0.0	0.0	0.0	0.0	0.0	0.0	0.0	0.0	0.555555555556	0.0	0.0	0.0	0.0	0.0	0.0	0.0	0.0	0.0	0.0	0.0	0.0
864.0	1.0	FORRESTVO	-0.111111111111	0.555555555556	0.0	0.111111111111	0.222222222222	0.0	0.0	0.0	0.444444444444	0.33333333333299997	0.222222222222	0.0	0.0	0.0	0.0	0.0	0.0	0.0	0.0	0.0	0.444444444444	0.0	0.0	0.0	0.222222222222	0.0	0.0	0.0	0.0	0.0	0.0	0.0	0.0
866.0	1.0	FORRESTVO	-0.33333333333299997	0.555555555556	0.0	0.0	0.111111111111	0.0	0.0	0.0	0.444444444444	0.222222222222	0.33333333333299997	0.0	0.0	0.0	0.0	0.0	0.0	0.0	0.0	0.0	0.222222222222	0.0	0.0	0.0	0.222222222222	0.0	0.0	0.0	0.0	0.0	0.0	0.0	0.0
867.0	3.0	FORRESTVO	-0.555555555556	0.777777777778	0.0	0.0	0.222222222222	0.0	0.0	0.0	0.666666666667	0.222222222222	0.555555555556	0.0	0.0	0.0	0.0	0.0	0.0	0.0	0.0	0.0	0.444444444444	0.0	0.0	0.0	0.222222222222	0.0	0.0	0.0	0.0	0.0	0.0	0.0	0.0
870.0	1.0	FORRESTVO	-0.33333333333299997	0.555555555556	0.0	0.0	0.222222222222	0.0	0.0	0.0	0.444444444444	0.222222222222	0.33333333333299997	0.0	0.0	0.0	0.0	0.0	0.0	0.0	0.0	0.0	0.222222222222	0.0	0.0	0.0	0.222222222222	0.0	0.0	0.0	0.0	0.0	0.0	0.0	0.0
871.0	1.0	FORREST	-0.555555555556	0.111111111111	0.444444444444	0.0	0.222222222222	0.111111111111	0.0	0.0	0.444444444444	0.222222222222	0.33333333333299997	0.0	0.0	0.0	0.0	0.222222222222	0.0	0.0	0.0	0.0	0.0	0.0	0.0	0.0	0.0	0.0	0.0	0.0	0.0	0.0	0.0	0.0	0.0
873.0	1.0	JENNY	-0.777777777778	0.33333333333299997	0.444444444444	0.0	0.0	0.111111111111	0.444444444444	0.0	0.777777777778	0.444444444444	0.33333333333299997	0.0	0.0	0.0	0.0	0.0	0.0	0.0	0.0	0.0	0.0	0.0	0.0	0.111111111111	0.33333333333299997	0.0	0.0	0.0	0.0	0.0	0.0	0.0	0.0
874.0	6.0	JENNY	-0.888888888889	0.33333333333299997	0.555555555556	0.0	0.111111111111	0.222222222222	0.444444444444	0.0	0.888888888889	0.444444444444	0.444444444444	0.0	0.0	0.0	0.0	0.0	0.0	0.0	0.0	0.0	0.0	0.0	0.0	0.111111111111	0.33333333333299997	0.0	0.0	0.0	0.0	0.0	0.0	0.0	0.0
880.0	1.0	JENNY	-0.777777777778	0.33333333333299997	0.444444444444	0.0	0.111111111111	0.222222222222	0.444444444444	0.0	0.666666666667	0.444444444444	0.33333333333299997	0.0	0.0	0.0	0.0	0.0	0.0	0.0	0.0	0.0	0.0	0.0	0.0	0.0	0.33333333333299997	0.0	0.0	0.0	0.0	0.0	0.0	0.0	0.0
881.0	1.0	JENNY	-0.777777777778	0.444444444444	0.33333333333299997	0.0	0.111111111111	0.33333333333299997	0.444444444444	0.0	0.555555555556	0.555555555556	0.222222222222	0.0	0.0	0.0	0.0	0.0	0.0	0.0	0.0	0.0	0.0	0.0	0.0	0.0	0.33333333333299997	0.0	0.0	0.111111111111	0.0	0.0	0.0	0.0	0.0
882.0	1.0	JENNY	-0.777777777778	0.555555555556	0.222222222222	0.0	0.111111111111	0.444444444444	0.444444444444	0.0	0.444444444444	0.555555555556	0.222222222222	0.0	0.0	0.0	0.0	0.0	0.0	0.0	0.0	0.0	0.111111111111	0.0	0.0	0.0	0.222222222222	0.0	0.0	0.111111111111	0.0	0.0	0.0	0.0	0.0
883.0	3.0	JENNY	-0.555555555556	0.444444444444	0.111111111111	0.0	0.111111111111	0.222222222222	0.444444444444	0.0	0.33333333333299997	0.33333333333299997	0.222222222222	0.0	0.0	0.0	0.0	0.0	0.0	0.0	0.0	0.0	0.222222222222	0.0	0.0	0.0	0.222222222222	0.0	0.0	0.0	0.0	0.0	0.0	0.0	0.0
883.0	3.0	FORRESTVO	-0.222222222222	0.888888888889	0.0	0.0	0.111111111111	0.0	0.0	0.0	0.888888888889	0.666666666667	0.222222222222	0.0	0.0	0.0	0.0	0.0	0.0	0.0	0.0	0.0	0.0	0.0	0.0	0.0	0.777777777778	0.0	0.0	0.0	0.0	0.0	0.0	0.0	0.0
